-- -----------------------------------------------------
-- INSERT INTO `BPC_BDS_Project`.`address`
-- -----------------------------------------------------
INSERT INTO `BPC_BDS_Project`.`address` (street, house_number, postcode, city, country) VALUES ('Technická', 2, '60200', 'Brno', 'Česko');
INSERT INTO `BPC_BDS_Project`.`address` (street, house_number, postcode, city, country) VALUES ('Nad Splavem', 315, '53401', 'Holice', 'Česko');
INSERT INTO `BPC_BDS_Project`.`address` (street, house_number, postcode, city, country) VALUES ('Štúrova', 1015, '01701', 'Považská Bystrica', 'Slovensko');
INSERT INTO `BPC_BDS_Project`.`address` (street, house_number, postcode, city, country) VALUES ('Kammeringstrasse', 5, '2353', 'Guntramsdorf', 'Rakúsko');
INSERT INTO `BPC_BDS_Project`.`address` (street, house_number, postcode, city, country) VALUES ('Boleslavská', 420, '29306', 'Kosmonosy', 'Česko');
INSERT INTO `BPC_BDS_Project`.`address` (street, house_number, postcode, city, country) VALUES ('Babí', 103, '60200', 'Brno', 'Česko');
INSERT INTO `BPC_BDS_Project`.`address` (street, house_number, postcode, city, country) VALUES ('Družstevní', 2, '69181', 'Březí', 'Česko');
INSERT INTO `BPC_BDS_Project`.`address` (street, house_number, postcode, city, country) VALUES ('Turistická', 12, '75612', 'Horní Lideč', 'Česko');
INSERT INTO `BPC_BDS_Project`.`address` (street, house_number, postcode, city, country) VALUES ('Bystrická', 9, '56164', 'Jablonné nad Orlicí', 'Česko');
INSERT INTO `BPC_BDS_Project`.`address` (street, house_number, postcode, city, country) VALUES ('Nová Ulice', 635, '77900', 'Olomouc', 'Česko');
INSERT INTO `BPC_BDS_Project`.`address` (street, house_number, postcode, city, country) VALUES ('1. mája', 18, '84107', 'Bratislava', 'Slovensko');
INSERT INTO `BPC_BDS_Project`.`address` (street, house_number, postcode, city, country) VALUES ('A. Gwerkovej', 62, '85104', 'Bratislava', 'Slovensko');
INSERT INTO `BPC_BDS_Project`.`address` (street, house_number, postcode, city, country) VALUES ('Úradnická', 269, '91928', 'Bučany', 'Česko');
INSERT INTO `BPC_BDS_Project`.`address` (street, house_number, postcode, city, country) VALUES ('Žilinská', 22, '01001', 'Žilina', 'Slovensko');
INSERT INTO `BPC_BDS_Project`.`address` (street, house_number, postcode, city, country) VALUES ('Mirová', 616, '67904', 'Adamov', 'Česko');
INSERT INTO `BPC_BDS_Project`.`address` (street, house_number, postcode, city, country) VALUES ('Jilemnického', 15, '03601', 'Martin', 'Slovensko');
INSERT INTO `BPC_BDS_Project`.`address` (street, house_number, postcode, city, country) VALUES ('Námestie SNP', 10, '97271', 'Nováky', 'Slovensko');
INSERT INTO `BPC_BDS_Project`.`address` (street, house_number, postcode, city, country) VALUES ('Česká', 12, '60200', 'Brno', 'Česko');
INSERT INTO `BPC_BDS_Project`.`address` (street, house_number, postcode, city, country) VALUES ('Tulská', 29, '97401', 'Banská Bystrica', 'Slovensko');
INSERT INTO `BPC_BDS_Project`.`address` (street, house_number, postcode, city, country) VALUES ('Novozámocká', 104, '96001', 'Zvolen', 'Slovensko');
INSERT INTO `BPC_BDS_Project`.`address` (street, house_number, postcode, city, country) VALUES ('Zlatovská', 54, '91101', 'Trenčín', 'Slovensko');
INSERT INTO `BPC_BDS_Project`.`address` (street, house_number, postcode, city, country) VALUES ('Palackého', 1004, '60200', 'Brno', 'Česko');
INSERT INTO `BPC_BDS_Project`.`address` (street, house_number, postcode, city, country) VALUES ('Kolónia', 398, '01701', 'Sverepec', 'Slovensko');
INSERT INTO `BPC_BDS_Project`.`address` (street, house_number, postcode, city, country) VALUES ('Moravské náměstí', 1534, '60200', 'Brno', 'Česko');
INSERT INTO `BPC_BDS_Project`.`address` (street, house_number, postcode, city, country) VALUES ('Bielech Záhumnie', 42, '01701', 'Sverepec', 'Slovensko');
INSERT INTO `BPC_BDS_Project`.`address` (street, house_number, postcode, city, country) VALUES ('Orgovánová', 111, '94301', 'Štúrovo', 'Slovensko');
INSERT INTO `BPC_BDS_Project`.`address` (street, house_number, postcode, city, country) VALUES ('Purkyňova', 1048, '60200', 'Brno', 'Česko');
INSERT INTO `BPC_BDS_Project`.`address` (street, house_number, postcode, city, country) VALUES ('Výstavná', 486, '94901', 'Nitra', 'Slovensko');
INSERT INTO `BPC_BDS_Project`.`address` (street, house_number, postcode, city, country) VALUES ('Husová', 389, '30632', 'Plzeň', 'Česko');
INSERT INTO `BPC_BDS_Project`.`address` (street, house_number, postcode, city, country) VALUES ('Nové Sady', 5, '60200', 'Brno', 'Česko');
INSERT INTO `BPC_BDS_Project`.`address` (street, house_number, postcode, city, country) VALUES ('Chrenová', 19, '94901', 'Nitra', 'Slovensko');
INSERT INTO `BPC_BDS_Project`.`address` (street, house_number, postcode, city, country) VALUES ('Dobrovského', 2125, '60200', 'Brno', 'Česko');
INSERT INTO `BPC_BDS_Project`.`address` (street, house_number, postcode, city, country) VALUES ('Skácelova', 614, '60200', 'Brno', 'Česko');
INSERT INTO `BPC_BDS_Project`.`address` (street, house_number, postcode, city, country) VALUES ('Podskalská', 235, '01822', 'Pružina', 'Slovensko');
INSERT INTO `BPC_BDS_Project`.`address` (street, house_number, postcode, city, country) VALUES ('Vlhká', 1047, '60200', 'Brno', 'Česko');
INSERT INTO `BPC_BDS_Project`.`address` (street, house_number, postcode, city, country) VALUES ('Belušská', 65, '02001', 'Púchov', 'Slovensko');
INSERT INTO `BPC_BDS_Project`.`address` (street, house_number, postcode, city, country) VALUES ('A. Lišku', 71, '91101', 'Trenčín', 'Slovensko');
INSERT INTO `BPC_BDS_Project`.`address` (street, house_number, postcode, city, country) VALUES ('Stred', 2100, '01701', 'Považská Bystrica', 'Slovensko');
INSERT INTO `BPC_BDS_Project`.`address` (street, house_number, postcode, city, country) VALUES ('Jána Hollého', 423, '07101', 'Michalovce', 'Slovensko');
INSERT INTO `BPC_BDS_Project`.`address` (street, house_number, postcode, city, country) VALUES ('Dominika Ševčíka', 333, '69108', 'Bořetice', 'Česko');
INSERT INTO `BPC_BDS_Project`.`address` (street, house_number, postcode, city, country) VALUES ('T.G. Masaryka', 1, '46342', 'Hodkovice nad Mohelkou', 'Česko');
INSERT INTO `BPC_BDS_Project`.`address` (street, house_number, postcode, city, country) VALUES ('Dukelská', 884, '76824', 'Hulín', 'Česko');
INSERT INTO `BPC_BDS_Project`.`address` (street, house_number, postcode, city, country) VALUES ('Nerudova', 501, '33204', 'Nezvěstince', 'Česko');
INSERT INTO `BPC_BDS_Project`.`address` (street, house_number, postcode, city, country) VALUES ('Smetanová', 612, '69665', 'Petrov', 'Česko');
INSERT INTO `BPC_BDS_Project`.`address` (street, house_number, postcode, city, country) VALUES ('Jiráskova', 1132, '67801', 'Blansko', 'Česko');
INSERT INTO `BPC_BDS_Project`.`address` (street, house_number, postcode, city, country) VALUES ('Odluží', 5, '58901', 'Třesť', 'Česko');
INSERT INTO `BPC_BDS_Project`.`address` (street, house_number, postcode, city, country) VALUES ('Poštovní', 112, '40340', 'Ústí nad Labem', 'Česko');
INSERT INTO `BPC_BDS_Project`.`address` (street, house_number, postcode, city, country) VALUES ('Škroupová', 20, '30632', 'Plzeň', 'Česko');
INSERT INTO `BPC_BDS_Project`.`address` (street, house_number, postcode, city, country) VALUES ('Masarykova', 7, '60200', 'Brno', 'Česko');
INSERT INTO `BPC_BDS_Project`.`address` (street, house_number, postcode, city, country) VALUES ('V Kopečku', 824, '51722', 'Albrechtice nad Orlicí', 'Česko');

-- -----------------------------------------------------
-- INSERT INTO `BPC_BDS_Project`.`users`
-- -----------------------------------------------------
INSERT INTO `BPC_BDS_Project`.`users` (first_name, last_name, email, phone_number) VALUES ('Peter', 'Jancúch', 'zcoppen0@tiny.cc', '+421 919 864 876');
INSERT INTO `BPC_BDS_Project`.`users` (first_name, last_name, email, phone_number) VALUES ('Tomáš', 'Maštalír', 'ajotham1@microsoft.com', '+421 895 316 746');
INSERT INTO `BPC_BDS_Project`.`users` (first_name, last_name, email, phone_number) VALUES ('Marek', 'Priedhorský', 'acaudwell2@reddit.com', '+421 675 961 235');
INSERT INTO `BPC_BDS_Project`.`users` (first_name, last_name, email, phone_number) VALUES ('Martin', 'Novák', 'gnowlan3@virginia.edu', '+420 341 723 834');
INSERT INTO `BPC_BDS_Project`.`users` (first_name, last_name, email, phone_number) VALUES ('Romana', 'Horváthová', 'maurelius4@photobucket.com', '+421 685 982 624');
INSERT INTO `BPC_BDS_Project`.`users` (first_name, last_name, email, phone_number) VALUES ('Veronika', 'Jabloňová', 'qbachanski5@addthis.com', '+421 111 950 122');
INSERT INTO `BPC_BDS_Project`.`users` (first_name, last_name, email, phone_number) VALUES ('Til', 'Zimmerman', 'nmasedon6@multiply.com', '+43 278 501 5648');
INSERT INTO `BPC_BDS_Project`.`users` (first_name, last_name, email, phone_number) VALUES ('František', 'Jakub', 'tattyeo7@state.gov', '+420 316 474 164');
INSERT INTO `BPC_BDS_Project`.`users` (first_name, last_name, email, phone_number) VALUES ('Juraj', 'Durdík', 'rantyshev8@businesswire.com', '+420 214 486 035');
INSERT INTO `BPC_BDS_Project`.`users` (first_name, last_name, email, phone_number) VALUES ('Stanislav', 'Švec', 'hbudget9@e-recht24.de', '+420 522 319 187');
INSERT INTO `BPC_BDS_Project`.`users` (first_name, last_name, email, phone_number) VALUES ('Mojmír', 'Psota', 'hsouthalla@latimes.com', '+421 819 412 614');
INSERT INTO `BPC_BDS_Project`.`users` (first_name, last_name, email, phone_number) VALUES ('Evžen', 'Slanský', 'cguillainb@topsy.com', '+421 161 525 140');
INSERT INTO `BPC_BDS_Project`.`users` (first_name, last_name, email, phone_number) VALUES ('Lucia', 'Novotná', 'imacalasterc@github.com', '+420 753 984 158');
INSERT INTO `BPC_BDS_Project`.`users` (first_name, last_name, email, phone_number) VALUES ('Dominika', 'Kohútová', 'tarentd@google.pl', '+421 768 700 794');
INSERT INTO `BPC_BDS_Project`.`users` (first_name, last_name, email, phone_number) VALUES ('Zdeno', 'Oswald', 'ndobrovskye@washington.edu', '+420 928 318 609');
INSERT INTO `BPC_BDS_Project`.`users` (first_name, last_name, email, phone_number) VALUES ('Adela', 'Prcúchová', 'lsuermeierf@baidu.com', '+421 942 326 678');
INSERT INTO `BPC_BDS_Project`.`users` (first_name, last_name, email, phone_number) VALUES ('Jakub', 'Pordaj', 'gseacroftg@cbsnews.com', '+420 199 322 053');
INSERT INTO `BPC_BDS_Project`.`users` (first_name, last_name, email, phone_number) VALUES ('August', 'Olyanovský', 'ntickh@trellian.com', '+420 847 686 340');
INSERT INTO `BPC_BDS_Project`.`users` (first_name, last_name, email, phone_number) VALUES ('Matilda', 'Rovná', 'granbyi@tuttocitta.it', '+421 527 685 770');
INSERT INTO `BPC_BDS_Project`.`users` (first_name, last_name, email, phone_number) VALUES ('Monika', 'Zigová', 'rharvattj@storify.com', '+421 364 740 562');
INSERT INTO `BPC_BDS_Project`.`users` (first_name, last_name, email, phone_number) VALUES ('Alexandra', 'Ferencová', 'sgoddingk@reddit.com', '+420 409 688 625');
INSERT INTO `BPC_BDS_Project`.`users` (first_name, last_name, email, phone_number) VALUES ('Eva', 'Adamová', 'bgoodhalll@princeton.edu', '+421 936 756 568');
INSERT INTO `BPC_BDS_Project`.`users` (first_name, last_name, email, phone_number) VALUES ('Slavomír', 'Špagát', 'sreemem@guardian.co.uk', '+421 654 691 607');
INSERT INTO `BPC_BDS_Project`.`users` (first_name, last_name, email, phone_number) VALUES ('Patrik', 'Prcúch', 'rvanyutinz@japanpost.jp', '+420 169 811 556');
INSERT INTO `BPC_BDS_Project`.`users` (first_name, last_name, email, phone_number) VALUES ('Barbora', 'Janculíková', 'brantoull10@psu.edu', '+421 107 178 790');
INSERT INTO `BPC_BDS_Project`.`users` (first_name, last_name, email, phone_number) VALUES ('Gabriela', 'Galadrielová', 'apetrol11@google.com', '+420 236 859 205');
INSERT INTO `BPC_BDS_Project`.`users` (first_name, last_name, email, phone_number) VALUES ('Adam', 'Donay', 'leke12@drupal.org', '+421 746 994 724');
INSERT INTO `BPC_BDS_Project`.`users` (first_name, last_name, email, phone_number) VALUES ('Silvia', 'Kelová', 'lkettley13@so-net.ne.jp', '+421 310 405 238');
INSERT INTO `BPC_BDS_Project`.`users` (first_name, last_name, email, phone_number) VALUES ('Tatiana', 'Kelová', 'mhazart14@comcast.net', '+421 851 193 303');
INSERT INTO `BPC_BDS_Project`.`users` (first_name, last_name, email, phone_number) VALUES ('Klára', 'Hostačná', 'jcoley15@pcworld.com', '+420 853 894 134');
INSERT INTO `BPC_BDS_Project`.`users` (first_name, last_name, email, phone_number) VALUES ('Jozef', 'Vostrý', 'bjaggs16@constantcontact.com', '+420 530 688 756');
INSERT INTO `BPC_BDS_Project`.`users` (first_name, last_name, email, phone_number) VALUES ('Matúš', 'Podhora', 'pwoolpert17@ibm.com', '+421 751 353 318');
INSERT INTO `BPC_BDS_Project`.`users` (first_name, last_name, email, phone_number) VALUES ('Adam', 'Siačik', 'agratten18@nydailynews.com', '+421 334 945 369');
INSERT INTO `BPC_BDS_Project`.`users` (first_name, last_name, email, phone_number) VALUES ('Mário', 'Gottwald', 'gwilton19@mysql.com', '+420 326 946 865');
INSERT INTO `BPC_BDS_Project`.`users` (first_name, last_name, email, phone_number) VALUES ('Jakub', 'Heinz', 'kcornthwaite1a@paginegialle.it', '+420 493 918 348');
INSERT INTO `BPC_BDS_Project`.`users` (first_name, last_name, email, phone_number) VALUES ('Michal', 'Donay', 'gcornuau1b@weather.com', '+420 791 282 836');
INSERT INTO `BPC_BDS_Project`.`users` (first_name, last_name, email, phone_number) VALUES ('Zuzana', 'Stonavá', 'wferagh1c@rakuten.co.jp', '+421 443 595 395');
INSERT INTO `BPC_BDS_Project`.`users` (first_name, last_name, email, phone_number) VALUES ('Zuzana', 'Martinková', 'ureginay@51.la', '+421 317 402 047');
INSERT INTO `BPC_BDS_Project`.`users` (first_name, last_name, email, phone_number) VALUES ('Adriána', 'Tomová', 'eglaisterx@harvard.edu', '+420 116 731 713');
INSERT INTO `BPC_BDS_Project`.`users` (first_name, last_name, email, phone_number) VALUES ('Diana', 'Chodúrová', 'aliggettw@ox.ac.uk', '+420 429 563 454');
INSERT INTO `BPC_BDS_Project`.`users` (first_name, last_name, email, phone_number) VALUES ('Jozefína', 'Babejakobá', 'apatonv@instagram.com', '+421 822 398 254');
INSERT INTO `BPC_BDS_Project`.`users` (first_name, last_name, email, phone_number) VALUES ('Tomáš', 'Slamka', '', '+421 272 110 983');
INSERT INTO `BPC_BDS_Project`.`users` (first_name, last_name, email, phone_number) VALUES ('Oľga', 'Valjentová', 'rrileyu@abc.net.au', '+420 227 257 701');
INSERT INTO `BPC_BDS_Project`.`users` (first_name, last_name, email, phone_number) VALUES ('Klaudia', 'Priedhorská', 'lgreallyt@npr.org', '+421 914 838 050');
INSERT INTO `BPC_BDS_Project`.`users` (first_name, last_name, email, phone_number) VALUES ('Kristína', 'Holavá', 'blockets@cdbaby.com', '+420 759 533 220');
INSERT INTO `BPC_BDS_Project`.`users` (first_name, last_name, email, phone_number) VALUES ('Milan', 'Stonaj', 'echeerr@webeden.co.uk', '+420 622 408 271');
INSERT INTO `BPC_BDS_Project`.`users` (first_name, last_name, email, phone_number) VALUES ('Peter', 'Čierny', 'akendrickq@simplemachines.org', '+420 174 339 483');
INSERT INTO `BPC_BDS_Project`.`users` (first_name, last_name, email, phone_number) VALUES ('Pavol', 'Borník', 'mdufallp@ucla.edu', '+421 349 304 914');
INSERT INTO `BPC_BDS_Project`.`users` (first_name, last_name, email, phone_number) VALUES ('Vladimír', 'Kotrman', 'msabatero@tinypic.com', '+421 176 182 649');
INSERT INTO `BPC_BDS_Project`.`users` (first_name, last_name, email, phone_number) VALUES ('Ladislav', 'Golej', 'dmeahn@cocolog-nifty.com', '+420 677 955 758');

-- -----------------------------------------------------
-- INSERT INTO `BPC_BDS_Project`.`account`
-- -----------------------------------------------------
INSERT INTO `BPC_BDS_Project`.`account` (account_type) VALUES ('Admin');
INSERT INTO `BPC_BDS_Project`.`account` (account_type) VALUES ('Unregistered');
INSERT INTO `BPC_BDS_Project`.`account` (account_type) VALUES ('Bronze User');
INSERT INTO `BPC_BDS_Project`.`account` (account_type) VALUES ('Silver User');
INSERT INTO `BPC_BDS_Project`.`account` (account_type) VALUES ('Gold User');

-- -----------------------------------------------------
-- INSERT INTO `BPC_BDS_Project`.`users_has_account`
-- -----------------------------------------------------
INSERT INTO `BPC_BDS_Project`.`users_has_account` VALUES (7, 1, curdate(), null);
INSERT INTO `BPC_BDS_Project`.`users_has_account` VALUES (1, 3, curdate(), null);
INSERT INTO `BPC_BDS_Project`.`users_has_account` VALUES (2, 4, curdate(), null);
INSERT INTO `BPC_BDS_Project`.`users_has_account` VALUES (3, 3, curdate(), null);
INSERT INTO `BPC_BDS_Project`.`users_has_account` VALUES (4, 5, curdate(), null);
INSERT INTO `BPC_BDS_Project`.`users_has_account` VALUES (5, 2, null, null);
INSERT INTO `BPC_BDS_Project`.`users_has_account` VALUES (6, 2, null, null);
INSERT INTO `BPC_BDS_Project`.`users_has_account` VALUES (8, 2, null, null);
INSERT INTO `BPC_BDS_Project`.`users_has_account` VALUES (9, 2, null, null);
INSERT INTO `BPC_BDS_Project`.`users_has_account` VALUES (10, 2, null, null);
INSERT INTO `BPC_BDS_Project`.`users_has_account` VALUES (11, 2, null, null);
INSERT INTO `BPC_BDS_Project`.`users_has_account` VALUES (12, 2, null, null);
INSERT INTO `BPC_BDS_Project`.`users_has_account` VALUES (13, 2, null, null);
INSERT INTO `BPC_BDS_Project`.`users_has_account` VALUES (14, 2, null, null);
INSERT INTO `BPC_BDS_Project`.`users_has_account` VALUES (15, 2, null, null);
INSERT INTO `BPC_BDS_Project`.`users_has_account` VALUES (16, 2, null, null);
INSERT INTO `BPC_BDS_Project`.`users_has_account` VALUES (17, 2, null, null);
INSERT INTO `BPC_BDS_Project`.`users_has_account` VALUES (18, 2, null, null);
INSERT INTO `BPC_BDS_Project`.`users_has_account` VALUES (19, 2, null, null);
INSERT INTO `BPC_BDS_Project`.`users_has_account` VALUES (20, 2, null, null);
INSERT INTO `BPC_BDS_Project`.`users_has_account` VALUES (21, 2, null, null);
INSERT INTO `BPC_BDS_Project`.`users_has_account` VALUES (22, 2, null, null);
INSERT INTO `BPC_BDS_Project`.`users_has_account` VALUES (23, 2, null, null);
INSERT INTO `BPC_BDS_Project`.`users_has_account` VALUES (24, 2, null, null);
INSERT INTO `BPC_BDS_Project`.`users_has_account` VALUES (25, 2, null, null);
INSERT INTO `BPC_BDS_Project`.`users_has_account` VALUES (26, 2, null, null);
INSERT INTO `BPC_BDS_Project`.`users_has_account` VALUES (27, 2, null, null);
INSERT INTO `BPC_BDS_Project`.`users_has_account` VALUES (28, 2, null, null);
INSERT INTO `BPC_BDS_Project`.`users_has_account` VALUES (29, 2, null, null);
INSERT INTO `BPC_BDS_Project`.`users_has_account` VALUES (30, 2, null, null);
INSERT INTO `BPC_BDS_Project`.`users_has_account` VALUES (31, 2, null, null);
INSERT INTO `BPC_BDS_Project`.`users_has_account` VALUES (32, 2, null, null);
INSERT INTO `BPC_BDS_Project`.`users_has_account` VALUES (33, 2, null, null);
INSERT INTO `BPC_BDS_Project`.`users_has_account` VALUES (34, 2, null, null);
INSERT INTO `BPC_BDS_Project`.`users_has_account` VALUES (35, 2, null, null);
INSERT INTO `BPC_BDS_Project`.`users_has_account` VALUES (36, 2, null, null);
INSERT INTO `BPC_BDS_Project`.`users_has_account` VALUES (37, 2, null, null);
INSERT INTO `BPC_BDS_Project`.`users_has_account` VALUES (38, 2, null, null);
INSERT INTO `BPC_BDS_Project`.`users_has_account` VALUES (39, 2, null, null);
INSERT INTO `BPC_BDS_Project`.`users_has_account` VALUES (40, 2, null, null);
INSERT INTO `BPC_BDS_Project`.`users_has_account` VALUES (41, 2, null, null);
INSERT INTO `BPC_BDS_Project`.`users_has_account` VALUES (42, 2, null, null);
INSERT INTO `BPC_BDS_Project`.`users_has_account` VALUES (43, 2, null, null);
INSERT INTO `BPC_BDS_Project`.`users_has_account` VALUES (44, 2, null, null);
INSERT INTO `BPC_BDS_Project`.`users_has_account` VALUES (45, 2, null, null);
INSERT INTO `BPC_BDS_Project`.`users_has_account` VALUES (46, 2, null, null);
INSERT INTO `BPC_BDS_Project`.`users_has_account` VALUES (47, 2, null, null);
INSERT INTO `BPC_BDS_Project`.`users_has_account` VALUES (48, 2, null, null);
INSERT INTO `BPC_BDS_Project`.`users_has_account` VALUES (49, 2, null, null);
INSERT INTO `BPC_BDS_Project`.`users_has_account` VALUES (50, 2, null, null);

-- -----------------------------------------------------
-- INSERT INTO `BPC_BDS_Project`.`users_has_address`
-- -----------------------------------------------------
INSERT INTO `BPC_BDS_Project`.`users_has_address` VALUES (7, 4);
INSERT INTO `BPC_BDS_Project`.`users_has_address` VALUES (1, 38);
INSERT INTO `BPC_BDS_Project`.`users_has_address` VALUES (2, 18);
INSERT INTO `BPC_BDS_Project`.`users_has_address` VALUES (3, 19);
INSERT INTO `BPC_BDS_Project`.`users_has_address` VALUES (4, 2);
INSERT INTO `BPC_BDS_Project`.`users_has_address` VALUES (5, 1);
INSERT INTO `BPC_BDS_Project`.`users_has_address` VALUES (6, 9);
INSERT INTO `BPC_BDS_Project`.`users_has_address` VALUES (8, 3);
INSERT INTO `BPC_BDS_Project`.`users_has_address` VALUES (9, 8);
INSERT INTO `BPC_BDS_Project`.`users_has_address` VALUES (10, 5);
INSERT INTO `BPC_BDS_Project`.`users_has_address` VALUES (11, 7);
INSERT INTO `BPC_BDS_Project`.`users_has_address` VALUES (12, 6);
INSERT INTO `BPC_BDS_Project`.`users_has_address` VALUES (13, 10);
INSERT INTO `BPC_BDS_Project`.`users_has_address` VALUES (14, 17);
INSERT INTO `BPC_BDS_Project`.`users_has_address` VALUES (15, 11);
INSERT INTO `BPC_BDS_Project`.`users_has_address` VALUES (16, 16);
INSERT INTO `BPC_BDS_Project`.`users_has_address` VALUES (17, 12);
INSERT INTO `BPC_BDS_Project`.`users_has_address` VALUES (18, 15);
INSERT INTO `BPC_BDS_Project`.`users_has_address` VALUES (19, 13);
INSERT INTO `BPC_BDS_Project`.`users_has_address` VALUES (20, 14);
INSERT INTO `BPC_BDS_Project`.`users_has_address` VALUES (21, 30);
INSERT INTO `BPC_BDS_Project`.`users_has_address` VALUES (22, 20);
INSERT INTO `BPC_BDS_Project`.`users_has_address` VALUES (23, 29);
INSERT INTO `BPC_BDS_Project`.`users_has_address` VALUES (24, 21);
INSERT INTO `BPC_BDS_Project`.`users_has_address` VALUES (25, 28);
INSERT INTO `BPC_BDS_Project`.`users_has_address` VALUES (26, 22);
INSERT INTO `BPC_BDS_Project`.`users_has_address` VALUES (27, 27);
INSERT INTO `BPC_BDS_Project`.`users_has_address` VALUES (28, 23);
INSERT INTO `BPC_BDS_Project`.`users_has_address` VALUES (29, 26);
INSERT INTO `BPC_BDS_Project`.`users_has_address` VALUES (30, 24);
INSERT INTO `BPC_BDS_Project`.`users_has_address` VALUES (31, 25);
INSERT INTO `BPC_BDS_Project`.`users_has_address` VALUES (32, 45);
INSERT INTO `BPC_BDS_Project`.`users_has_address` VALUES (33, 40);
INSERT INTO `BPC_BDS_Project`.`users_has_address` VALUES (34, 31);
INSERT INTO `BPC_BDS_Project`.`users_has_address` VALUES (35, 39);
INSERT INTO `BPC_BDS_Project`.`users_has_address` VALUES (36, 32);
INSERT INTO `BPC_BDS_Project`.`users_has_address` VALUES (37, 37);
INSERT INTO `BPC_BDS_Project`.`users_has_address` VALUES (38, 33);
INSERT INTO `BPC_BDS_Project`.`users_has_address` VALUES (39, 36);
INSERT INTO `BPC_BDS_Project`.`users_has_address` VALUES (40, 34);
INSERT INTO `BPC_BDS_Project`.`users_has_address` VALUES (41, 35);
INSERT INTO `BPC_BDS_Project`.`users_has_address` VALUES (42, 50);
INSERT INTO `BPC_BDS_Project`.`users_has_address` VALUES (43, 41);
INSERT INTO `BPC_BDS_Project`.`users_has_address` VALUES (44, 49);
INSERT INTO `BPC_BDS_Project`.`users_has_address` VALUES (45, 42);
INSERT INTO `BPC_BDS_Project`.`users_has_address` VALUES (46, 48);
INSERT INTO `BPC_BDS_Project`.`users_has_address` VALUES (47, 43);
INSERT INTO `BPC_BDS_Project`.`users_has_address` VALUES (48, 47);
INSERT INTO `BPC_BDS_Project`.`users_has_address` VALUES (49, 44);
INSERT INTO `BPC_BDS_Project`.`users_has_address` VALUES (50, 46);

-- -----------------------------------------------------
-- INSERT INTO `BPC_BDS_Project`.`payment_type`
-- -----------------------------------------------------
INSERT INTO `BPC_BDS_Project`.`payment_type` (payment_method) VALUES ('Pay Pal');
INSERT INTO `BPC_BDS_Project`.`payment_type` (payment_method) VALUES ('Credit Card');
INSERT INTO `BPC_BDS_Project`.`payment_type` (payment_method) VALUES ('Cash');
INSERT INTO `BPC_BDS_Project`.`payment_type` (payment_method) VALUES ('Cryptocurrency');
INSERT INTO `BPC_BDS_Project`.`payment_type` (payment_method) VALUES ('Pay Safe Card');

-- -----------------------------------------------------
-- INSERT INTO `BPC_BDS_Project`.`payment_status`
-- -----------------------------------------------------
INSERT INTO `BPC_BDS_Project`.`payment_status` (payment_status_type) VALUES ('Paid');
INSERT INTO `BPC_BDS_Project`.`payment_status` (payment_status_type) VALUES ('Canceled');
INSERT INTO `BPC_BDS_Project`.`payment_status` (payment_status_type) VALUES ('Waiting');
INSERT INTO `BPC_BDS_Project`.`payment_status` (payment_status_type) VALUES ('Declined');
INSERT INTO `BPC_BDS_Project`.`payment_status` (payment_status_type) VALUES ('Sent');

-- -----------------------------------------------------
-- INSERT INTO `BPC_BDS_Project`.`product_type`
-- -----------------------------------------------------
INSERT INTO `BPC_BDS_Project`.`product_type` (product_type_description) VALUES ('Headset');
INSERT INTO `BPC_BDS_Project`.`product_type` (product_type_description) VALUES ('Keyboard');
INSERT INTO `BPC_BDS_Project`.`product_type` (product_type_description) VALUES ('Mouse');
INSERT INTO `BPC_BDS_Project`.`product_type` (product_type_description) VALUES ('Monitor');
INSERT INTO `BPC_BDS_Project`.`product_type` (product_type_description) VALUES ('PC');

-- -----------------------------------------------------
-- INSERT INTO `BPC_BDS_Project`.`product`
-- -----------------------------------------------------
INSERT INTO `BPC_BDS_Project`.`product` (id_product_type, product_brand_name, product_model, product_version, product_color, product_price, in_stock) VALUES (3, 'Logitech', 'Blood Moon', NULL, 'Black', 40.99, 38);
INSERT INTO `BPC_BDS_Project`.`product` (id_product_type, product_brand_name, product_model, product_version, product_color, product_price, in_stock) VALUES (2, 'Yenkee', 'Hornet', 'RX3', 'Yellow', 15.99, 18);
INSERT INTO `BPC_BDS_Project`.`product` (id_product_type, product_brand_name, product_model, product_version, product_color, product_price, in_stock) VALUES (3, 'CZC Gaming', 'Guardian', '2', 'Black', 10.99, 139);
INSERT INTO `BPC_BDS_Project`.`product` (id_product_type, product_brand_name, product_model, product_version, product_color, product_price, in_stock) VALUES (5, 'Lenovo', 'Legion', 'Y520', NULL, 988.99, 5);
INSERT INTO `BPC_BDS_Project`.`product` (id_product_type, product_brand_name, product_model, product_version, product_color, product_price, in_stock) VALUES (4, 'AOC', 'Contrast', '144Hz', NULL, 125.99, 12);

-- -----------------------------------------------------
-- INSERT INTO `BPC_BDS_Project`.`payment`
-- -----------------------------------------------------
INSERT INTO `BPC_BDS_Project`.`payment` (payment_type, id_payment_status, subtotal, discount, shippment, total, paid_at) VALUES (2, 1, 67.97, 13.594, 0, 54.376, curdate());
INSERT INTO `BPC_BDS_Project`.`payment` (payment_type, id_payment_status, subtotal, discount, shippment, total, paid_at) VALUES (1, 5, 988.99, 98.899, 2.99, 893.091, null);
INSERT INTO `BPC_BDS_Project`.`payment` (payment_type, id_payment_status, subtotal, discount, shippment, total, paid_at) VALUES (3, 2, 136.98, 0, 10.99, 147.97, null);
INSERT INTO `BPC_BDS_Project`.`payment` (payment_type, id_payment_status, subtotal, discount, shippment, total, paid_at) VALUES (4, 3, 10.99, 0, 1.99, 12.98, null);
INSERT INTO `BPC_BDS_Project`.`payment` (payment_type, id_payment_status, subtotal, discount, shippment, total, paid_at) VALUES (5, 4, 40.99, 3.99, 2.99, 39.99, null);

-- -----------------------------------------------------
-- INSERT INTO `BPC_BDS_Project`.`order_status`
-- -----------------------------------------------------
INSERT INTO `BPC_BDS_Project`.`order_status` (status_description) VALUES ('Packing');
INSERT INTO `BPC_BDS_Project`.`order_status` (status_description) VALUES ('Delivered');
INSERT INTO `BPC_BDS_Project`.`order_status` (status_description) VALUES ('In Storage');
INSERT INTO `BPC_BDS_Project`.`order_status` (status_description) VALUES ('Canceled');
INSERT INTO `BPC_BDS_Project`.`order_status` (status_description) VALUES ('Sent');

-- -----------------------------------------------------
-- INSERT INTO `BPC_BDS_Project`.`order`
-- -----------------------------------------------------
INSERT INTO `BPC_BDS_Project`.`order` (order_status_code, id_payment) VALUES (1, 2);
INSERT INTO `BPC_BDS_Project`.`order` (order_status_code, id_payment) VALUES (4, 1);
INSERT INTO `BPC_BDS_Project`.`order` (order_status_code, id_payment) VALUES (5, 3);
INSERT INTO `BPC_BDS_Project`.`order` (order_status_code, id_payment) VALUES (2, 4);
INSERT INTO `BPC_BDS_Project`.`order` (order_status_code, id_payment) VALUES (3, 5);

-- -----------------------------------------------------
-- INSERT INTO `BPC_BDS_Project`.`order_has_product`
-- -----------------------------------------------------
INSERT INTO `BPC_BDS_Project`.`order_has_product` (id_order, id_product, quantity) VALUES (1, 4, 1);
INSERT INTO `BPC_BDS_Project`.`order_has_product` (id_order, id_product, quantity) VALUES (2, 1, 1);
INSERT INTO `BPC_BDS_Project`.`order_has_product` (id_order, id_product, quantity) VALUES (2, 2, 1);
INSERT INTO `BPC_BDS_Project`.`order_has_product` (id_order, id_product, quantity) VALUES (2, 3, 1);
INSERT INTO `BPC_BDS_Project`.`order_has_product` (id_order, id_product, quantity) VALUES (4, 3, 1);

-- -----------------------------------------------------
-- INSERT INTO `BPC_BDS_Project`.`users_has_order`
-- -----------------------------------------------------
INSERT INTO `BPC_BDS_Project`.`users_has_order` (id_user, id_order) VALUES (38, 1);
INSERT INTO `BPC_BDS_Project`.`users_has_order` (id_user, id_order) VALUES (29, 2);
INSERT INTO `BPC_BDS_Project`.`users_has_order` (id_user, id_order) VALUES (5, 4);
INSERT INTO `BPC_BDS_Project`.`users_has_order` (id_user, id_order) VALUES (6, 3);
INSERT INTO `BPC_BDS_Project`.`users_has_order` (id_user, id_order) VALUES (4, 5);